{
  "best_global_step": null,
  "best_metric": null,
  "best_model_checkpoint": null,
  "epoch": 0.2375296912114014,
  "eval_steps": 1000,
  "global_step": 1000,
  "is_hyper_param_search": false,
  "is_local_process_zero": true,
  "is_world_process_zero": true,
  "log_history": [
    {
      "epoch": 0.1187648456057007,
      "grad_norm": 14.67218017578125,
      "learning_rate": 4.410926365795724e-05,
      "loss": 0.5201,
      "step": 500
    },
    {
      "epoch": 0.2375296912114014,
      "grad_norm": 6.1453986167907715,
      "learning_rate": 3.817102137767221e-05,
      "loss": 0.4257,
      "step": 1000
    },
    {
      "epoch": 0.2375296912114014,
      "eval_accuracy": 0.9002293577981652,
      "eval_f1": 0.9036544850498339,
      "eval_loss": 0.38695722818374634,
      "eval_precision": 0.8888888888888888,
      "eval_recall": 0.918918918918919,
      "eval_roc_auc": 0.9445777553254188,
      "eval_runtime": 234.152,
      "eval_samples_per_second": 3.724,
      "eval_steps_per_second": 0.235,
      "step": 1000
    }
  ],
  "logging_steps": 500,
  "max_steps": 4210,
  "num_input_tokens_seen": 0,
  "num_train_epochs": 1,
  "save_steps": 1000,
  "stateful_callbacks": {
    "TrainerControl": {
      "args": {
        "should_epoch_stop": false,
        "should_evaluate": false,
        "should_log": false,
        "should_save": true,
        "should_training_stop": false
      },
      "attributes": {}
    }
  },
  "total_flos": 1.1963354578944e+16,
  "train_batch_size": 16,
  "trial_name": null,
  "trial_params": null
}
